2025-07-03 19:49:09,1,Mobile Detected
2025-07-03 19:49:12,1,Mobile Detected
2025-07-03 19:49:14,1,Mobile Detected
2025-07-03 19:49:16,1,Mobile Detected
2025-07-03 19:49:18,1,Mobile Detected
2025-07-03 19:49:20,1,Mobile Detected
2025-07-03 19:49:22,1,Mobile Detected
2025-07-03 19:49:24,1,Mobile Detected
2025-07-03 19:49:26,1,Mobile Detected
2025-07-03 19:49:28,1,Mobile Detected
2025-07-03 19:49:30,1,Mobile Detected
2025-07-03 19:49:33,1,Mobile Detected
2025-07-03 19:49:35,1,Mobile Detected
2025-07-03 19:49:37,1,Mobile Detected
2025-07-03 19:49:39,1,Mobile Detected
2025-07-03 19:49:41,1,Mobile Detected
2025-07-03 19:49:43,1,Mobile Detected
2025-07-03 19:49:45,1,Mobile Detected
2025-07-03 19:49:47,1,Mobile Detected
2025-07-03 19:49:49,1,Mobile Detected
2025-07-03 19:49:52,1,Mobile Detected
2025-07-03 19:49:54,1,Mobile Detected
2025-07-03 19:49:56,1,Mobile Detected
2025-07-03 19:49:58,1,Mobile Detected
2025-07-03 19:50:00,1,Mobile Detected
2025-07-03 19:50:03,1,Mobile Detected
2025-07-03 19:50:05,1,Mobile Detected
2025-07-03 19:50:07,1,Mobile Detected
2025-07-03 19:50:09,1,Mobile Detected
2025-07-03 19:50:11,1,Mobile Detected
2025-07-03 19:50:13,1,Mobile Detected
2025-07-03 19:50:16,1,Mobile Detected
2025-07-03 19:50:18,1,Mobile Detected
2025-07-03 19:50:20,1,Mobile Detected
2025-07-03 19:50:22,1,Mobile Detected
2025-07-03 19:50:24,1,Mobile Detected
2025-07-03 19:50:26,1,Mobile Detected
2025-07-03 19:50:28,1,Mobile Detected
2025-07-03 19:50:30,1,Mobile Detected
2025-07-03 19:50:32,1,Mobile Detected
2025-07-03 19:50:58,1,Mobile Detected
2025-07-03 19:51:03,1,Mobile Detected
2025-07-03 19:51:05,1,Mobile Detected
2025-07-03 19:51:07,1,Mobile Detected
2025-07-03 19:51:09,1,Mobile Detected
2025-07-03 19:51:11,1,Mobile Detected
2025-07-03 19:51:14,1,Mobile Detected
2025-07-03 19:51:16,1,Mobile Detected
2025-07-03 19:51:18,1,Mobile Detected
2025-07-03 19:51:20,1,Mobile Detected
2025-07-03 19:51:22,1,Mobile Detected
2025-07-03 19:51:25,1,Mobile Detected
2025-07-03 19:51:27,1,Mobile Detected
2025-07-03 19:51:29,1,Mobile Detected
2025-07-03 19:51:31,1,Mobile Detected
2025-07-03 19:51:33,1,Mobile Detected
2025-07-03 19:51:40,1,Mobile Detected
2025-07-03 19:51:42,1,Mobile Detected
2025-07-03 19:51:44,1,Mobile Detected
2025-07-03 19:51:55,1,Mobile Detected
2025-07-03 19:51:57,1,Mobile Detected
2025-07-03 19:51:59,1,Mobile Detected
2025-07-03 19:52:01,1,Mobile Detected
2025-07-03 19:52:04,1,Mobile Detected
2025-07-03 19:52:06,1,Mobile Detected
2025-07-03 19:52:08,1,Mobile Detected
2025-07-03 19:52:12,1,Mobile Detected
2025-07-03 19:52:15,1,Mobile Detected
2025-07-03 19:52:17,1,Mobile Detected
2025-07-03 19:52:21,1,Mobile Detected
2025-07-03 19:52:23,1,Mobile Detected
2025-07-03 19:52:26,1,Mobile Detected
2025-07-03 19:52:28,1,Mobile Detected
2025-07-03 19:52:30,1,Mobile Detected
2025-07-03 19:52:32,1,Mobile Detected
2025-07-03 19:52:34,1,Mobile Detected
2025-07-03 19:52:36,1,Mobile Detected
2025-07-03 19:52:39,1,Mobile Detected
2025-07-03 19:52:41,1,Mobile Detected
2025-07-03 19:52:43,1,Mobile Detected
2025-07-03 19:52:45,1,Mobile Detected
2025-07-03 19:52:47,1,Mobile Detected
2025-07-03 19:52:50,1,Mobile Detected
2025-07-03 19:52:52,1,Mobile Detected
2025-07-03 19:52:58,1,Mobile Detected
2025-07-03 19:53:00,1,Mobile Detected
2025-07-03 19:53:03,1,Mobile Detected
2025-07-03 19:53:05,1,Mobile Detected
2025-07-03 19:53:07,1,Mobile Detected
2025-07-03 19:53:09,1,Mobile Detected
2025-07-03 19:53:11,1,Mobile Detected
2025-07-03 19:53:14,1,Mobile Detected
2025-07-03 19:53:16,1,Mobile Detected
2025-07-03 19:53:18,1,Mobile Detected
2025-07-03 19:53:20,1,Mobile Detected
2025-07-03 19:53:22,1,Mobile Detected
2025-07-03 19:53:24,1,Mobile Detected
2025-07-03 19:53:27,1,Mobile Detected
2025-07-03 19:53:35,1,Mobile Detected
2025-07-03 19:53:37,1,Mobile Detected
2025-07-03 19:53:39,1,Mobile Detected
2025-07-03 19:53:42,1,Mobile Detected
2025-07-03 19:53:44,1,Mobile Detected
2025-07-03 19:53:46,1,Mobile Detected
2025-07-03 19:53:48,1,Mobile Detected
2025-07-03 19:53:50,1,Mobile Detected
2025-07-03 19:53:52,1,Mobile Detected
2025-07-03 19:53:54,1,Mobile Detected
2025-07-03 19:53:56,1,Mobile Detected
2025-07-03 19:53:58,1,Mobile Detected
2025-07-03 19:54:01,1,Mobile Detected
2025-07-03 19:54:03,1,Mobile Detected
2025-07-03 19:54:05,1,Mobile Detected
2025-07-03 19:54:07,1,Mobile Detected
2025-07-03 19:54:09,1,Mobile Detected
2025-07-03 19:54:11,1,Mobile Detected
2025-07-03 19:54:13,1,Mobile Detected
2025-07-03 19:54:16,1,Mobile Detected
2025-07-03 19:54:18,1,Mobile Detected
2025-07-03 19:54:20,1,Mobile Detected
2025-07-03 19:54:24,1,Mobile Detected
2025-07-03 19:54:26,1,Mobile Detected
2025-07-03 19:54:30,1,Mobile Detected
2025-07-03 19:54:33,1,Mobile Detected
2025-07-03 19:54:35,1,Mobile Detected
2025-07-03 19:54:37,1,Mobile Detected
2025-07-03 19:54:39,1,Mobile Detected
2025-07-03 19:54:41,1,Mobile Detected
2025-07-03 19:54:44,1,Mobile Detected
2025-07-03 19:54:46,1,Mobile Detected
2025-07-03 19:54:48,1,Mobile Detected
2025-07-03 19:54:50,1,Mobile Detected
2025-07-03 19:54:52,1,Mobile Detected
2025-07-03 19:54:55,1,Mobile Detected
2025-07-03 19:54:57,1,Mobile Detected
2025-07-03 19:54:59,1,Mobile Detected
2025-07-03 19:55:01,1,Mobile Detected
2025-07-03 19:55:03,1,Mobile Detected
2025-07-03 19:55:06,1,Mobile Detected
2025-07-03 19:55:08,1,Mobile Detected
2025-07-03 19:55:10,1,Mobile Detected
2025-07-03 19:55:12,1,Mobile Detected
2025-07-03 19:55:14,1,Mobile Detected
2025-07-03 19:55:17,1,Mobile Detected
2025-07-03 19:55:19,1,Mobile Detected
2025-07-03 19:55:21,1,Mobile Detected
2025-07-03 19:55:23,1,Mobile Detected
2025-07-03 19:55:25,1,Mobile Detected
2025-07-03 19:55:28,1,Mobile Detected
2025-07-03 19:55:30,1,Mobile Detected
2025-07-03 19:55:32,1,Mobile Detected
2025-07-03 19:55:34,1,Mobile Detected
2025-07-03 19:55:36,1,Mobile Detected
2025-07-03 19:55:39,1,Mobile Detected
2025-07-03 19:55:41,1,Mobile Detected
2025-07-03 19:55:43,1,Mobile Detected
2025-07-03 19:55:45,1,Mobile Detected
2025-07-03 19:55:47,1,Mobile Detected
2025-07-03 19:55:49,1,Mobile Detected
2025-07-03 19:55:52,1,Mobile Detected
2025-07-03 19:55:54,1,Mobile Detected
2025-07-03 19:55:56,1,Mobile Detected
2025-07-03 19:55:58,1,Mobile Detected
2025-07-03 19:56:00,1,Mobile Detected
2025-07-03 19:56:03,1,Mobile Detected
2025-07-03 19:56:05,1,Mobile Detected
2025-07-03 19:56:07,1,Mobile Detected
2025-07-03 19:56:09,1,Mobile Detected
2025-07-03 19:56:11,1,Mobile Detected
2025-07-03 19:56:14,1,Mobile Detected
2025-07-03 19:56:16,1,Mobile Detected
2025-07-03 19:56:18,1,Mobile Detected
2025-07-03 19:56:20,1,Mobile Detected
2025-07-03 19:56:22,1,Mobile Detected
2025-07-03 19:56:24,1,Mobile Detected
2025-07-03 19:56:26,1,Mobile Detected
2025-07-03 19:56:29,1,Mobile Detected
2025-07-03 20:02:42,1,Mobile Detected
2025-07-03 20:02:44,1,Mobile Detected
2025-07-03 20:02:46,1,Mobile Detected
2025-07-03 20:02:48,1,Mobile Detected
2025-07-03 20:02:50,1,Mobile Detected
2025-07-03 20:02:52,1,Mobile Detected
2025-07-03 20:02:54,1,Mobile Detected
2025-07-03 20:02:56,1,Mobile Detected
2025-07-03 20:02:58,1,Mobile Detected
2025-07-03 20:03:00,1,Mobile Detected
2025-07-03 20:03:03,1,Mobile Detected
2025-07-03 20:03:05,1,Mobile Detected
2025-07-03 20:03:07,1,Mobile Detected
2025-07-03 20:03:09,1,Mobile Detected
2025-07-03 20:03:11,1,Mobile Detected
2025-07-03 20:03:13,1,Mobile Detected
2025-07-03 20:03:15,1,Mobile Detected
2025-07-03 20:03:17,1,Mobile Detected
2025-07-03 20:03:19,1,Mobile Detected
2025-07-03 20:03:21,1,Mobile Detected
2025-07-03 20:03:24,1,Mobile Detected
2025-07-03 20:03:28,1,Mobile Detected
2025-07-03 20:03:30,1,Mobile Detected
2025-07-03 20:03:32,1,Mobile Detected
2025-07-03 20:03:45,1,Mobile Detected
2025-07-03 20:03:47,1,Mobile Detected
2025-07-03 20:03:49,1,Mobile Detected
2025-07-03 20:03:51,1,Mobile Detected
2025-07-03 20:04:00,1,Mobile Detected
2025-07-03 20:04:02,1,Mobile Detected
2025-07-03 20:04:04,1,Mobile Detected
2025-07-03 20:04:17,1,Mobile Detected
2025-07-03 20:04:22,1,Mobile Detected
2025-07-03 20:04:24,1,Mobile Detected
2025-07-03 20:04:26,1,Mobile Detected
2025-07-03 20:04:28,1,Mobile Detected
2025-07-03 20:04:30,1,Mobile Detected
2025-07-03 20:04:32,1,Mobile Detected
2025-07-03 20:04:35,1,Mobile Detected
2025-07-03 20:04:37,1,Mobile Detected
2025-07-03 20:04:39,1,Mobile Detected
2025-07-03 20:04:41,1,Mobile Detected
2025-07-03 20:04:43,1,Mobile Detected
2025-07-03 20:04:46,1,Mobile Detected
2025-07-03 20:04:48,1,Mobile Detected
2025-07-03 20:04:50,1,Mobile Detected
2025-07-03 20:04:52,1,Mobile Detected
2025-07-03 20:04:54,1,Mobile Detected
2025-07-03 20:04:57,1,Mobile Detected
2025-07-03 20:04:59,1,Mobile Detected
2025-07-03 20:05:01,1,Mobile Detected
2025-07-03 20:05:03,1,Mobile Detected
2025-07-03 20:05:05,1,Mobile Detected
2025-07-03 20:05:07,1,Mobile Detected
2025-07-03 20:05:10,1,Mobile Detected
2025-07-03 20:05:12,1,Mobile Detected
2025-07-03 20:05:14,1,Mobile Detected
2025-07-03 20:05:16,1,Mobile Detected
2025-07-03 20:05:18,1,Mobile Detected
2025-07-03 20:05:21,1,Mobile Detected
2025-07-03 20:05:23,1,Mobile Detected
2025-07-03 20:05:25,1,Mobile Detected
2025-07-03 20:05:27,1,Mobile Detected
2025-07-03 20:05:29,1,Mobile Detected
2025-07-03 20:05:31,1,Mobile Detected
2025-07-03 20:05:34,1,Mobile Detected
2025-07-03 20:05:36,1,Mobile Detected
2025-07-03 20:05:38,1,Mobile Detected
2025-07-03 20:05:40,1,Mobile Detected
2025-07-03 20:05:43,1,Mobile Detected
2025-07-03 20:05:45,1,Mobile Detected
2025-07-03 20:05:47,1,Mobile Detected
2025-07-03 20:05:49,1,Mobile Detected
2025-07-03 20:05:51,1,Mobile Detected
2025-07-03 20:05:53,1,Mobile Detected
2025-07-03 20:05:56,1,Mobile Detected
2025-07-03 20:05:58,1,Mobile Detected
2025-07-03 20:06:00,1,Mobile Detected
2025-07-03 20:06:02,1,Mobile Detected
2025-07-03 20:06:04,1,Mobile Detected
2025-07-03 20:06:07,1,Mobile Detected
2025-07-03 20:06:09,1,Mobile Detected
2025-07-03 20:06:11,1,Mobile Detected
2025-07-03 20:06:13,1,Mobile Detected
2025-07-03 20:06:15,1,Mobile Detected
2025-07-03 20:06:17,1,Mobile Detected
2025-07-03 20:06:20,1,Mobile Detected
2025-07-03 20:06:22,1,Mobile Detected
2025-07-03 20:06:24,1,Mobile Detected
2025-07-03 20:06:26,1,Mobile Detected
2025-07-03 20:06:28,1,Mobile Detected
2025-07-03 20:06:31,1,Mobile Detected
2025-07-03 20:06:33,1,Mobile Detected
2025-07-03 20:06:35,1,Mobile Detected
2025-07-03 20:06:37,1,Mobile Detected
2025-07-03 20:06:39,1,Mobile Detected
2025-07-03 20:06:41,1,Mobile Detected
2025-07-03 20:06:44,1,Mobile Detected
2025-07-03 20:06:46,1,Mobile Detected
2025-07-03 20:06:48,1,Mobile Detected
2025-07-03 20:06:50,1,Mobile Detected
2025-07-03 20:06:52,1,Mobile Detected
2025-07-03 20:06:55,1,Mobile Detected
2025-07-03 20:06:57,1,Mobile Detected
2025-07-03 20:06:59,1,Mobile Detected
2025-07-03 20:07:01,1,Mobile Detected
2025-07-03 20:07:03,1,Mobile Detected
2025-07-03 20:07:05,1,Mobile Detected
2025-07-03 20:07:08,1,Mobile Detected
2025-07-03 20:07:10,1,Mobile Detected
2025-07-03 20:07:12,1,Mobile Detected
2025-07-03 20:07:14,1,Mobile Detected
2025-07-03 20:07:16,1,Mobile Detected
2025-07-03 20:07:19,1,Mobile Detected
2025-07-03 20:07:21,1,Mobile Detected
2025-07-03 20:07:23,1,Mobile Detected
2025-07-03 20:07:25,1,Mobile Detected
2025-07-03 20:07:27,1,Mobile Detected
2025-07-03 20:07:30,1,Mobile Detected
2025-07-03 20:07:32,1,Mobile Detected
2025-07-03 20:07:34,1,Mobile Detected
2025-07-03 20:07:36,1,Mobile Detected
2025-07-03 20:07:38,1,Mobile Detected
2025-07-03 20:07:40,1,Mobile Detected
2025-07-03 20:07:43,1,Mobile Detected
2025-07-03 20:07:45,1,Mobile Detected
2025-07-03 20:07:47,1,Mobile Detected
2025-07-03 20:07:49,1,Mobile Detected
2025-07-03 20:07:51,1,Mobile Detected
2025-07-03 20:07:54,1,Mobile Detected
2025-07-03 20:07:56,1,Mobile Detected
2025-07-03 20:07:58,1,Mobile Detected
2025-07-03 20:08:00,1,Mobile Detected
2025-07-03 20:08:02,1,Mobile Detected
2025-07-03 20:08:05,1,Mobile Detected
2025-07-03 20:08:07,1,Mobile Detected
2025-07-03 20:08:09,1,Mobile Detected
2025-07-03 20:08:11,1,Mobile Detected
2025-07-03 20:08:13,1,Mobile Detected
2025-07-03 20:08:15,1,Mobile Detected
2025-07-03 20:08:18,1,Mobile Detected
2025-07-03 20:08:20,1,Mobile Detected
2025-07-03 20:08:22,1,Mobile Detected
2025-07-03 20:08:24,1,Mobile Detected
2025-07-03 20:08:26,1,Mobile Detected
2025-07-03 20:08:29,1,Mobile Detected
2025-07-03 20:08:31,1,Mobile Detected
2025-07-03 20:08:33,1,Mobile Detected
2025-07-03 20:08:35,1,Mobile Detected
2025-07-03 20:08:37,1,Mobile Detected
2025-07-03 20:08:39,1,Mobile Detected
2025-07-03 20:08:42,1,Mobile Detected
2025-07-03 20:08:44,1,Mobile Detected
2025-07-03 20:08:46,1,Mobile Detected
2025-07-03 20:08:48,1,Mobile Detected
2025-07-03 20:08:50,1,Mobile Detected
2025-07-03 20:08:53,1,Mobile Detected
2025-07-03 20:08:55,1,Mobile Detected
2025-07-03 20:08:57,1,Mobile Detected
2025-07-03 20:08:59,1,Mobile Detected
2025-07-03 20:09:01,1,Mobile Detected
2025-07-03 20:09:03,1,Mobile Detected
2025-07-03 20:09:06,1,Mobile Detected
2025-07-03 20:09:08,1,Mobile Detected
2025-07-03 20:09:10,1,Mobile Detected
2025-07-03 20:09:12,1,Mobile Detected
2025-07-03 20:09:14,1,Mobile Detected
2025-07-03 20:09:16,1,Mobile Detected
2025-07-03 20:09:19,1,Mobile Detected
2025-07-03 20:09:21,1,Mobile Detected
2025-07-03 20:09:23,1,Mobile Detected
2025-07-03 20:09:25,1,Mobile Detected
2025-07-03 20:09:27,1,Mobile Detected
2025-07-03 20:09:30,1,Mobile Detected
2025-07-03 20:09:32,1,Mobile Detected
2025-07-03 20:09:34,1,Mobile Detected
2025-07-03 20:09:36,1,Mobile Detected
2025-07-03 20:09:38,1,Mobile Detected
2025-07-03 20:09:40,1,Mobile Detected
2025-07-03 20:09:43,1,Mobile Detected
2025-07-03 20:09:45,1,Mobile Detected
2025-07-03 20:09:47,1,Mobile Detected
2025-07-03 20:09:49,1,Mobile Detected
2025-07-03 20:09:51,1,Mobile Detected
2025-07-03 20:09:54,1,Mobile Detected
2025-07-03 20:09:56,1,Mobile Detected
2025-07-03 20:09:58,1,Mobile Detected
2025-07-03 20:10:00,1,Mobile Detected
2025-07-03 20:10:02,1,Mobile Detected
2025-07-03 20:11:25,1,Mobile Detected
2025-07-03 20:11:28,1,Mobile Detected
2025-07-03 20:11:30,1,Mobile Detected
2025-07-03 20:11:32,1,Mobile Detected
2025-07-03 20:11:34,1,Mobile Detected
2025-07-03 20:11:36,1,Mobile Detected
2025-07-03 20:11:38,1,Mobile Detected
2025-07-03 20:11:40,1,Mobile Detected
2025-07-03 20:11:42,1,Mobile Detected
2025-07-03 20:11:44,1,Mobile Detected
2025-07-03 20:11:46,1,Mobile Detected
2025-07-03 20:11:49,1,Mobile Detected
2025-07-03 20:11:51,1,Mobile Detected
2025-07-03 20:11:53,1,Mobile Detected
2025-07-03 20:11:55,1,Mobile Detected
2025-07-03 20:11:57,1,Mobile Detected
2025-07-03 20:11:59,1,Mobile Detected
2025-07-03 20:12:01,1,Mobile Detected
2025-07-03 20:12:03,1,Mobile Detected
2025-07-03 20:12:05,1,Mobile Detected
2025-07-03 20:12:08,1,Mobile Detected
2025-07-03 20:12:10,1,Mobile Detected
2025-07-03 20:12:12,1,Mobile Detected
2025-07-03 20:12:14,1,Mobile Detected
2025-07-03 20:12:16,1,Mobile Detected
2025-07-03 20:12:18,1,Mobile Detected
2025-07-03 20:12:21,1,Mobile Detected
2025-07-03 20:12:23,1,Mobile Detected
2025-07-03 20:12:25,1,Mobile Detected
2025-07-03 20:12:27,1,Mobile Detected
2025-07-03 20:12:29,1,Mobile Detected
2025-07-03 20:12:31,1,Mobile Detected
2025-07-03 20:12:33,1,Mobile Detected
2025-07-03 20:12:35,1,Mobile Detected
2025-07-03 20:12:38,1,Mobile Detected
2025-07-03 20:12:40,1,Mobile Detected
2025-07-03 20:12:42,1,Mobile Detected
2025-07-03 20:12:44,1,Mobile Detected
2025-07-03 20:12:46,1,Mobile Detected
2025-07-03 20:12:49,1,Mobile Detected
2025-07-03 20:12:51,1,Mobile Detected
2025-07-03 20:12:53,1,Mobile Detected
2025-07-03 20:12:55,1,Mobile Detected
2025-07-03 20:12:57,1,Mobile Detected
2025-07-03 20:13:00,1,Mobile Detected
2025-07-03 20:13:02,1,Mobile Detected
2025-07-03 20:13:04,1,Mobile Detected
2025-07-03 20:13:06,1,Mobile Detected
2025-07-03 20:13:08,1,Mobile Detected
2025-07-03 20:13:10,1,Mobile Detected
2025-07-03 20:13:12,1,Mobile Detected
2025-07-03 20:13:14,1,Mobile Detected
2025-07-03 20:13:16,1,Mobile Detected
2025-07-03 20:13:18,1,Mobile Detected
2025-07-03 20:13:21,1,Mobile Detected
2025-07-03 20:13:23,1,Mobile Detected
2025-07-03 20:13:25,1,Mobile Detected
2025-07-03 20:13:27,1,Mobile Detected
2025-07-03 20:13:29,1,Mobile Detected
2025-07-03 20:13:31,1,Mobile Detected
2025-07-03 20:13:36,1,Mobile Detected
2025-07-03 20:13:38,1,Mobile Detected
2025-07-03 20:13:40,1,Mobile Detected
2025-07-03 20:13:42,1,Mobile Detected
2025-07-03 20:13:44,1,Mobile Detected
2025-07-03 20:13:47,1,Mobile Detected
2025-07-03 20:13:49,1,Mobile Detected
2025-07-03 20:13:51,1,Mobile Detected
2025-07-03 20:13:53,1,Mobile Detected
2025-07-03 20:13:55,1,Mobile Detected
2025-07-03 20:13:57,1,Mobile Detected
2025-07-03 20:13:59,1,Mobile Detected
2025-07-03 20:14:02,1,Mobile Detected
2025-07-03 20:14:04,1,Mobile Detected
2025-07-03 20:14:06,1,Mobile Detected
2025-07-03 20:14:08,1,Mobile Detected
2025-07-03 20:14:10,1,Mobile Detected
2025-07-03 20:14:12,1,Mobile Detected
2025-07-03 20:14:15,1,Mobile Detected
2025-07-03 20:14:17,1,Mobile Detected
2025-07-03 20:14:19,1,Mobile Detected
2025-07-03 20:14:21,1,Mobile Detected
2025-07-03 20:14:23,1,Mobile Detected
2025-07-03 20:14:25,1,Mobile Detected
2025-07-03 20:14:28,1,Mobile Detected
2025-07-03 20:14:30,1,Mobile Detected
2025-07-03 20:14:32,1,Mobile Detected
2025-07-03 20:14:34,1,Mobile Detected
2025-07-03 20:14:36,1,Mobile Detected
2025-07-03 20:14:39,1,Mobile Detected
2025-07-03 20:14:41,1,Mobile Detected
2025-07-03 20:14:43,1,Mobile Detected
2025-07-03 20:14:45,1,Mobile Detected
2025-07-03 20:14:47,1,Mobile Detected
2025-07-03 20:14:49,1,Mobile Detected
2025-07-03 20:14:52,1,Mobile Detected
2025-07-03 20:14:54,1,Mobile Detected
2025-07-03 20:14:56,1,Mobile Detected
2025-07-03 20:14:58,1,Mobile Detected
2025-07-03 20:14:59,1,Mobile Detected
2025-07-03 20:15:00,1,Mobile Detected
2025-07-03 20:15:01,1,Mobile Detected
2025-07-03 20:15:02,1,Mobile Detected
2025-07-03 20:15:03,1,Mobile Detected
2025-07-03 20:15:04,1,Mobile Detected
2025-07-03 20:15:05,1,Mobile Detected
2025-07-03 20:15:06,1,Mobile Detected
2025-07-03 20:15:07,1,Mobile Detected
2025-07-03 20:15:09,1,Mobile Detected
2025-07-03 20:15:09,1,Mobile Detected
2025-07-03 20:15:11,1,Mobile Detected
2025-07-03 20:15:12,1,Mobile Detected
2025-07-03 20:15:13,1,Mobile Detected
2025-07-03 20:15:14,1,Mobile Detected
2025-07-03 20:15:15,1,Mobile Detected
2025-07-03 20:15:16,1,Mobile Detected
2025-07-03 20:15:17,1,Mobile Detected
2025-07-03 20:15:18,1,Mobile Detected
2025-07-03 20:15:19,1,Mobile Detected
2025-07-03 20:15:20,1,Mobile Detected
2025-07-03 20:15:22,1,Mobile Detected
2025-07-03 20:15:23,1,Mobile Detected
2025-07-03 20:15:24,1,Mobile Detected
2025-07-03 20:15:25,1,Mobile Detected
2025-07-03 20:15:26,1,Mobile Detected
2025-07-03 20:15:27,1,Mobile Detected
2025-07-03 20:15:28,1,Mobile Detected
2025-07-03 20:15:29,1,Mobile Detected
2025-07-03 20:15:30,1,Mobile Detected
2025-07-03 20:15:31,1,Mobile Detected
2025-07-03 20:15:34,1,Mobile Detected
2025-07-03 20:15:36,1,Mobile Detected
2025-07-03 20:15:38,1,Mobile Detected
2025-07-03 20:15:40,1,Mobile Detected
2025-07-03 20:15:42,1,Mobile Detected
2025-07-03 20:15:44,1,Mobile Detected
2025-07-03 20:15:46,1,Mobile Detected
2025-07-03 20:15:49,1,Mobile Detected
2025-07-03 20:15:51,1,Mobile Detected
2025-07-03 20:15:53,1,Mobile Detected
2025-07-03 20:15:55,1,Mobile Detected
2025-07-03 20:15:57,1,Mobile Detected
2025-07-03 20:15:59,1,Mobile Detected
2025-07-03 20:16:01,1,Mobile Detected
2025-07-03 20:16:03,1,Mobile Detected
2025-07-03 20:16:06,1,Mobile Detected
2025-07-03 20:16:08,1,Mobile Detected
2025-07-03 20:16:10,1,Mobile Detected
2025-07-03 20:16:12,1,Mobile Detected
2025-07-03 20:16:14,1,Mobile Detected
2025-07-03 20:16:17,1,Mobile Detected
2025-07-03 20:16:19,1,Mobile Detected
2025-07-03 20:16:21,1,Mobile Detected
2025-07-03 20:16:23,1,Mobile Detected
2025-07-03 20:16:25,1,Mobile Detected
2025-07-03 20:16:27,1,Mobile Detected
2025-07-03 20:16:29,1,Mobile Detected
2025-07-03 20:16:31,1,Mobile Detected
2025-07-03 20:16:33,1,Mobile Detected
2025-07-03 20:16:36,1,Mobile Detected
2025-07-03 20:16:38,1,Mobile Detected
2025-07-03 20:16:40,1,Mobile Detected
2025-07-03 20:16:42,1,Mobile Detected
2025-07-03 20:16:44,1,Mobile Detected
2025-07-03 20:16:46,1,Mobile Detected
2025-07-03 20:16:48,1,Mobile Detected
2025-07-03 20:16:50,1,Mobile Detected
2025-07-03 20:16:53,1,Mobile Detected
2025-07-03 20:16:55,1,Mobile Detected
2025-07-03 20:16:57,1,Mobile Detected
2025-07-03 20:16:59,1,Mobile Detected
2025-07-03 20:17:01,1,Mobile Detected
2025-07-03 20:17:03,1,Mobile Detected
2025-07-03 20:17:05,1,Mobile Detected
2025-07-03 20:17:07,1,Mobile Detected
2025-07-03 20:17:09,1,Mobile Detected
2025-07-03 20:17:12,1,Mobile Detected
2025-07-03 20:17:16,1,Mobile Detected
2025-07-03 20:17:18,1,Mobile Detected
2025-07-03 20:17:20,1,Mobile Detected
2025-07-03 20:17:22,1,Mobile Detected
2025-07-03 20:17:25,1,Mobile Detected
2025-07-03 20:17:27,1,Mobile Detected
2025-07-03 20:17:29,1,Mobile Detected
2025-07-03 20:17:31,1,Mobile Detected
2025-07-03 20:17:34,1,Mobile Detected
2025-07-03 20:17:36,1,Mobile Detected
2025-07-03 20:17:38,1,Mobile Detected
2025-07-03 20:17:40,1,Mobile Detected
2025-07-03 20:17:42,1,Mobile Detected
2025-07-03 20:17:45,1,Mobile Detected
2025-07-03 20:17:47,1,Mobile Detected
2025-07-03 20:17:49,1,Mobile Detected
2025-07-03 20:17:51,1,Mobile Detected
2025-07-03 20:17:53,1,Mobile Detected
2025-07-03 20:17:55,1,Mobile Detected
2025-07-03 20:17:58,1,Mobile Detected
2025-07-03 20:18:00,1,Mobile Detected
2025-07-03 20:18:02,1,Mobile Detected
2025-07-03 20:18:04,1,Mobile Detected
2025-07-03 20:18:06,1,Mobile Detected
2025-07-03 20:18:08,1,Mobile Detected
2025-07-03 20:18:10,1,Mobile Detected
2025-07-03 20:18:13,1,Mobile Detected
2025-07-03 20:18:15,1,Mobile Detected
2025-07-03 20:18:17,1,Mobile Detected
2025-07-03 20:18:19,1,Mobile Detected
2025-07-03 20:18:21,1,Mobile Detected
2025-07-03 20:18:23,1,Mobile Detected
2025-07-03 20:18:26,1,Mobile Detected
2025-07-03 20:18:28,1,Mobile Detected
2025-07-03 20:18:30,1,Mobile Detected
2025-07-03 20:18:32,1,Mobile Detected
2025-07-03 20:18:34,1,Mobile Detected
2025-07-03 20:18:36,1,Mobile Detected
2025-07-03 20:18:39,1,Mobile Detected
2025-07-03 20:18:41,1,Mobile Detected
2025-07-03 20:18:43,1,Mobile Detected
2025-07-03 20:18:45,1,Mobile Detected
2025-07-03 20:18:47,1,Mobile Detected
2025-07-03 20:18:49,1,Mobile Detected
2025-07-03 20:18:51,1,Mobile Detected
2025-07-03 20:18:54,1,Mobile Detected
2025-07-03 20:18:56,1,Mobile Detected
2025-07-03 20:18:58,1,Mobile Detected
2025-07-03 20:19:00,1,Mobile Detected
2025-07-03 20:19:02,1,Mobile Detected
2025-07-03 20:19:04,1,Mobile Detected
2025-07-03 20:19:07,1,Mobile Detected
2025-07-03 20:19:09,1,Mobile Detected
2025-07-03 20:19:11,1,Mobile Detected
2025-07-03 20:19:13,1,Mobile Detected
2025-07-03 20:19:16,1,Mobile Detected
2025-07-03 20:19:18,1,Mobile Detected
2025-07-03 20:19:20,1,Mobile Detected
2025-07-03 20:19:22,1,Mobile Detected
2025-07-03 20:19:24,1,Mobile Detected
2025-07-03 20:19:27,1,Mobile Detected
2025-07-03 20:19:29,1,Mobile Detected
2025-07-03 20:19:31,1,Mobile Detected
2025-07-03 20:19:33,1,Mobile Detected
2025-07-03 20:19:35,1,Mobile Detected
2025-07-03 20:19:37,1,Mobile Detected
2025-07-03 20:19:39,1,Mobile Detected
2025-07-03 20:19:42,1,Mobile Detected
2025-07-03 20:19:44,1,Mobile Detected
2025-07-03 20:19:46,1,Mobile Detected
2025-07-03 20:19:48,1,Mobile Detected
2025-07-03 20:19:50,1,Mobile Detected
2025-07-03 20:19:52,1,Mobile Detected
2025-07-03 20:19:54,1,Mobile Detected
2025-07-03 20:19:56,1,Mobile Detected
2025-07-03 20:19:59,1,Mobile Detected
2025-07-03 20:20:01,1,Mobile Detected
2025-07-03 20:20:03,1,Mobile Detected
2025-07-03 20:20:05,1,Mobile Detected
2025-07-03 20:20:07,1,Mobile Detected
2025-07-03 20:20:09,1,Mobile Detected
2025-07-03 20:20:11,1,Mobile Detected
2025-07-03 20:20:13,1,Mobile Detected
2025-07-03 20:20:16,1,Mobile Detected
2025-07-03 20:20:18,1,Mobile Detected
2025-07-03 20:20:20,1,Mobile Detected
2025-07-03 20:20:22,1,Mobile Detected
2025-07-03 20:20:24,1,Mobile Detected
2025-07-03 20:20:26,1,Mobile Detected
2025-07-03 20:20:28,1,Mobile Detected
2025-07-03 20:20:31,1,Mobile Detected
2025-07-03 20:20:33,1,Mobile Detected
2025-07-03 20:20:35,1,Mobile Detected
2025-07-03 20:20:37,1,Mobile Detected
2025-07-03 20:20:39,1,Mobile Detected
2025-07-03 20:20:41,1,Mobile Detected
2025-07-03 20:20:43,1,Mobile Detected
2025-07-03 20:20:46,1,Mobile Detected
2025-07-03 20:20:48,1,Mobile Detected
2025-07-03 20:20:50,1,Mobile Detected
2025-07-03 20:20:52,1,Mobile Detected
2025-07-03 20:20:54,1,Mobile Detected
2025-07-03 20:20:57,1,Mobile Detected
2025-07-03 20:20:59,1,Mobile Detected
2025-07-03 20:21:01,1,Mobile Detected
2025-07-03 20:21:03,1,Mobile Detected
2025-07-03 20:21:05,1,Mobile Detected
2025-07-03 20:21:08,1,Mobile Detected
2025-07-03 20:21:10,1,Mobile Detected
2025-07-03 20:21:12,1,Mobile Detected
2025-07-03 20:21:14,1,Mobile Detected
2025-07-03 20:21:16,1,Mobile Detected
2025-07-03 20:21:19,1,Mobile Detected
2025-07-03 20:21:21,1,Mobile Detected
2025-07-03 20:21:23,1,Mobile Detected
2025-07-03 20:21:25,1,Mobile Detected
2025-07-03 20:21:27,1,Mobile Detected
2025-07-03 20:27:17,1,Mobile Detected
2025-07-03 20:27:19,1,Mobile Detected
2025-07-03 20:27:22,1,Mobile Detected
2025-07-03 20:27:24,1,Mobile Detected
2025-07-03 20:27:26,1,Mobile Detected
2025-07-03 20:27:28,1,Mobile Detected
2025-07-03 20:27:30,1,Mobile Detected
2025-07-03 20:27:33,1,Mobile Detected
2025-07-03 20:27:35,1,Mobile Detected
2025-07-03 20:27:37,1,Mobile Detected
2025-07-03 20:27:39,1,Mobile Detected
2025-07-03 20:27:42,1,Mobile Detected
2025-07-03 20:27:44,1,Mobile Detected
2025-07-03 20:27:46,1,Mobile Detected
2025-07-03 20:27:48,1,Mobile Detected
2025-07-03 20:27:51,1,Mobile Detected
2025-07-03 20:27:53,1,Mobile Detected
2025-07-03 20:27:56,1,Mobile Detected
2025-07-03 20:27:58,1,Mobile Detected
2025-07-03 20:28:00,1,Mobile Detected
2025-07-03 20:28:03,1,Mobile Detected
2025-07-03 20:28:05,1,Mobile Detected
2025-07-03 20:28:07,1,Mobile Detected
2025-07-03 20:28:10,1,Mobile Detected
2025-07-03 20:28:12,1,Mobile Detected
2025-07-03 20:28:14,1,Mobile Detected
2025-07-03 20:28:17,1,Mobile Detected
2025-07-03 20:28:19,1,Mobile Detected
2025-07-03 20:28:21,1,Mobile Detected
2025-07-03 20:28:24,1,Mobile Detected
2025-07-03 20:28:26,1,Mobile Detected
2025-07-03 20:28:28,1,Mobile Detected
2025-07-03 20:28:31,1,Mobile Detected
2025-07-03 20:28:33,1,Mobile Detected
2025-07-03 20:28:35,1,Mobile Detected
2025-07-03 20:28:38,1,Mobile Detected
2025-07-03 20:28:40,1,Mobile Detected
2025-07-03 20:28:42,1,Mobile Detected
2025-07-03 20:28:45,1,Mobile Detected
2025-07-03 20:28:47,1,Mobile Detected
2025-07-03 20:28:49,1,Mobile Detected
2025-07-03 20:28:52,1,Mobile Detected
2025-07-03 20:28:54,1,Mobile Detected
2025-07-03 20:28:56,1,Mobile Detected
2025-07-03 20:28:59,1,Mobile Detected
2025-07-03 20:29:01,1,Mobile Detected
2025-07-03 20:29:03,1,Mobile Detected
2025-07-03 20:29:06,1,Mobile Detected
2025-07-03 20:29:08,1,Mobile Detected
2025-07-03 20:29:10,1,Mobile Detected
2025-07-03 20:29:12,1,Mobile Detected
2025-07-03 20:29:15,1,Mobile Detected
2025-07-03 20:29:17,1,Mobile Detected
2025-07-03 20:29:19,1,Mobile Detected
2025-07-03 20:29:21,1,Mobile Detected
2025-07-03 20:29:23,1,Mobile Detected
2025-07-03 20:29:25,1,Mobile Detected
2025-07-03 20:29:28,1,Mobile Detected
2025-07-03 20:29:30,1,Mobile Detected
2025-07-03 20:29:32,1,Mobile Detected
2025-07-03 20:29:34,1,Mobile Detected
2025-07-03 20:29:37,1,Mobile Detected
2025-07-03 20:29:39,1,Mobile Detected
2025-07-03 20:29:41,1,Mobile Detected
2025-07-03 20:29:44,1,Mobile Detected
2025-07-03 20:29:46,1,Mobile Detected
2025-07-03 20:29:48,1,Mobile Detected
2025-07-03 20:29:50,1,Mobile Detected
2025-07-03 20:29:53,1,Mobile Detected
2025-07-03 20:29:55,1,Mobile Detected
2025-07-03 20:29:57,1,Mobile Detected
2025-07-03 20:30:00,1,Mobile Detected
2025-07-03 20:30:02,1,Mobile Detected
2025-07-03 20:30:04,1,Mobile Detected
2025-07-03 20:30:06,1,Mobile Detected
2025-07-03 20:30:08,1,Mobile Detected
2025-07-03 20:30:11,1,Mobile Detected
2025-07-03 20:30:13,1,Mobile Detected
2025-07-03 20:30:15,1,Mobile Detected
2025-07-03 20:30:17,1,Mobile Detected
2025-07-03 20:30:19,1,Mobile Detected
2025-07-03 20:30:22,1,Mobile Detected
2025-07-03 20:30:24,1,Mobile Detected
2025-07-03 20:30:26,1,Mobile Detected
2025-07-03 20:30:28,1,Mobile Detected
2025-07-03 20:30:31,1,Mobile Detected
2025-07-03 20:30:33,1,Mobile Detected
2025-07-03 20:30:35,1,Mobile Detected
2025-07-03 20:30:37,1,Mobile Detected
2025-07-03 20:30:39,1,Mobile Detected
2025-07-03 20:30:42,1,Mobile Detected
2025-07-03 20:30:44,1,Mobile Detected
2025-07-03 20:30:46,1,Mobile Detected
2025-07-03 20:30:49,1,Mobile Detected
2025-07-03 20:30:51,1,Mobile Detected
2025-07-03 20:30:53,1,Mobile Detected
2025-07-03 20:30:56,1,Mobile Detected
2025-07-03 20:30:58,1,Mobile Detected
2025-07-03 20:31:00,1,Mobile Detected
2025-07-03 20:31:03,1,Mobile Detected
2025-07-03 20:31:05,1,Mobile Detected
2025-07-03 20:31:07,1,Mobile Detected
2025-07-03 20:31:10,1,Mobile Detected
2025-07-03 20:31:12,1,Mobile Detected
2025-07-03 20:31:14,1,Mobile Detected
2025-07-03 20:31:17,1,Mobile Detected
2025-07-03 20:31:19,1,Mobile Detected
2025-07-03 20:31:21,1,Mobile Detected
2025-07-03 20:31:23,1,Mobile Detected
2025-07-03 20:31:26,1,Mobile Detected
2025-07-03 20:31:28,1,Mobile Detected
2025-07-03 20:31:30,1,Mobile Detected
2025-07-03 20:31:32,1,Mobile Detected
2025-07-03 20:31:35,1,Mobile Detected
